{
  "version": 4,
  "dataForRoots": [
    {
      "commitData": [
        {
          "changeDescriptions": null,
          "duration": 0.8999999761581421,
          "fiberActualDurations": [
            [
              285,
              0.09999990463256836
            ],
            [
              284,
              0.3999999761581421
            ],
            [
              283,
              0.3999999761581421
            ],
            [
              288,
              0.20000004768371582
            ],
            [
              289,
              0.09999990463256836
            ],
            [
              286,
              0.3999999761581421
            ],
            [
              282,
              0.8999999761581421
            ]
          ],
          "fiberSelfDurations": [
            [
              285,
              0
            ],
            [
              284,
              0.10000002384185791
            ],
            [
              283,
              0
            ],
            [
              288,
              0.10000002384185791
            ],
            [
              289,
              0
            ],
            [
              286,
              0
            ],
            [
              282,
              0.10000002384185791
            ]
          ],
          "interactionIDs": [],
          "priorityLevel": "Immediate",
          "timestamp": 1122.8999999761581
        }
      ],
      "displayName": "App",
      "initialTreeBaseDurations": [
        [
          281,
          1.100000023841858
        ],
        [
          282,
          1
        ],
        [
          283,
          0.10000002384185791
        ],
        [
          284,
          0
        ],
        [
          285,
          0
        ],
        [
          286,
          0.7000000476837158
        ],
        [
          287,
          0.19999992847442627
        ],
        [
          288,
          0.10000002384185791
        ],
        [
          289,
          0.30000007152557373
        ]
      ],
      "interactionCommits": [],
      "interactions": [],
      "operations": [
        [
          1,
          281,
          0,
          2,
          1,
          287,
          4,
          285,
          99,
          4,
          284,
          199,
          4,
          283,
          199,
          4,
          288,
          200,
          4,
          289,
          199,
          4,
          286,
          500,
          3,
          286,
          2,
          288,
          289,
          4,
          282,
          799,
          4,
          281,
          899
        ]
      ],
      "rootID": 281,
      "snapshots": [
        [
          281,
          {
            "id": 281,
            "children": [
              282
            ],
            "displayName": null,
            "key": null,
            "type": 11
          }
        ],
        [
          282,
          {
            "id": 282,
            "children": [
              283,
              286
            ],
            "displayName": "App",
            "key": null,
            "type": 5
          }
        ],
        [
          283,
          {
            "id": 283,
            "children": [
              284
            ],
            "displayName": "Header",
            "key": null,
            "type": 5
          }
        ],
        [
          284,
          {
            "id": 284,
            "children": [
              285
            ],
            "displayName": "Row",
            "key": null,
            "type": 5
          }
        ],
        [
          285,
          {
            "id": 285,
            "children": [],
            "displayName": "AddItem",
            "key": null,
            "type": 5
          }
        ],
        [
          286,
          {
            "id": 286,
            "children": [
              287,
              288,
              289
            ],
            "displayName": "List",
            "key": null,
            "type": 5
          }
        ],
        [
          287,
          {
            "id": 287,
            "children": [],
            "displayName": "ListItem",
            "key": "1",
            "type": 8
          }
        ],
        [
          288,
          {
            "id": 288,
            "children": [],
            "displayName": "ListItem",
            "key": "2",
            "type": 8
          }
        ],
        [
          289,
          {
            "id": 289,
            "children": [],
            "displayName": "ListItem",
            "key": "3",
            "type": 8
          }
        ]
      ]
    }
  ]
}